Time [eMJD],RV_C,eRV_C,RV_A,eRV_A,BISdata [m/s],eBISdata [m/s],Contrastdata,eContrastdata,FWHMdata [m/s],eFWHMdata [m/s],Halphadata,eHalphadata
59333.584825,-2.753394,1.15563,-0.418984,1.15563,0.049849,2.096729,44.81825,158.063671,0.637023,12.396242,2.1e-05,0.001003
59333.592336,-0.090098,1.155711,-0.42228,1.155711,0.049271,2.096729,44.708854,158.063671,0.634628,12.286508,2.1e-05,0.001003
59333.599856,-0.5398,1.155793,-0.425578,1.155793,0.04869,2.096729,44.598334,158.063671,0.632214,13.058424,2.1e-05,0.001003
59334.610885,-1.13381,1.156389,-0.811568,1.156389,-0.039737,2.096729,21.907949,158.063671,0.193318,13.302227,-1.6e-05,0.001003
59334.622168,-1.926455,1.156478,-0.814923,1.156478,-0.040766,2.096729,21.586783,158.063671,0.187516,12.726763,-1.7e-05,0.001003
59334.633441,0.214869,1.156389,-0.818247,1.156389,-0.041793,2.096729,21.26496,158.063671,0.18171,12.834918,-1.7e-05,0.001003
59334.835761,-1.473719,1.15791,-0.873079,1.15791,-0.059999,2.096729,15.353937,158.063671,0.076271,16.824242,-2.5e-05,0.001003
59334.837912,-1.000187,1.15791,-0.873611,1.15791,-0.060189,2.096729,15.289965,158.063671,0.075141,16.197971,-2.5e-05,0.001003
59334.838994,0.28008,1.15791,-0.873878,1.15791,-0.060285,2.096729,15.257779,158.063671,0.074573,16.127823,-2.5e-05,0.001003
59335.858004,1.53728,1.157028,-0.989854,1.157028,-0.134352,2.096729,-14.178595,158.063671,-0.419937,15.008284,-5.6e-05,0.001003
59335.859192,1.171027,1.158013,-0.989825,1.158013,-0.134411,2.096729,-14.208446,158.063671,-0.42041,16.171077,-5.6e-05,0.001003
59335.860276,0.863,1.158013,-0.989798,1.158013,-0.134466,2.096729,-14.235667,158.063671,-0.420841,16.332009,-5.6e-05,0.001003
59335.862447,1.899946,1.158013,-0.989744,1.158013,-0.134574,2.096729,-14.29014,158.063671,-0.421704,16.248701,-5.6e-05,0.001003
59335.86759,3.802036,1.156934,-0.98961,1.156934,-0.134831,2.096729,-14.418943,158.063671,-0.423743,14.930934,-5.6e-05,0.001003
59335.872157,0.821912,1.156934,-0.989486,1.156934,-0.135057,2.096729,-14.533033,158.063671,-0.425548,14.747745,-5.6e-05,0.001003
59338.652604,-1.296862,1.156389,-0.363516,1.156389,-0.063136,2.096729,-11.777016,158.063671,-0.259553,11.91895,-2.6e-05,0.001003
59338.656367,-1.487601,1.156389,-0.362777,1.156389,-0.062879,2.096729,-11.691662,158.063671,-0.258041,12.108971,-2.6e-05,0.001003
59338.918849,0.98809,1.156841,-0.317664,1.156841,-0.045392,2.096729,-5.634123,158.063671,-0.152144,14.834179,-1.9e-05,0.001003
59338.928697,-0.705343,1.156841,-0.316231,1.156841,-0.04476,2.096729,-5.405094,158.063671,-0.148194,15.043226,-1.9e-05,0.001003
59338.931537,0.293248,1.156841,-0.315822,1.156841,-0.044578,2.096729,-5.339052,158.063671,-0.147055,15.250454,-1.9e-05,0.001003
59338.940588,-2.222271,1.15791,-0.314527,1.15791,-0.043999,2.096729,-5.128604,158.063671,-0.143429,16.474154,-1.8e-05,0.001003
59338.942733,-0.432576,1.15791,-0.314222,1.15791,-0.043862,2.096729,-5.078737,158.063671,-0.14257,17.159105,-1.8e-05,0.001003
59338.944887,-0.882881,1.15791,-0.313917,1.15791,-0.043725,2.096729,-5.028663,158.063671,-0.141708,16.424009,-1.8e-05,0.001003
59339.850478,-0.870009,1.156567,-0.272565,1.156567,-0.000213,2.096729,13.611732,158.063671,0.165193,14.701369,0.0,0.001003
59339.877885,1.420406,1.156567,-0.27398,1.156567,0.000532,2.096729,14.037636,158.063671,0.171746,15.162013,0.0,0.001003
59339.881612,0.977386,1.15791,-0.274184,1.15791,0.00063,2.096729,14.094672,158.063671,0.172621,16.046808,0.0,0.001003
59339.882643,0.344667,1.156567,-0.274241,1.156567,0.000657,2.096729,14.110413,158.063671,0.172862,15.17395,0.0,0.001003
59339.882686,1.452445,1.15791,-0.274243,1.15791,0.000658,2.096729,14.111069,158.063671,0.172872,15.996206,0.0,0.001003
59339.884843,-0.678435,1.15791,-0.274363,1.15791,0.000715,2.096729,14.143946,158.063671,0.173376,16.167956,0.0,0.001003
59344.785023,0.505568,1.156658,-0.209142,1.156658,-0.114741,2.096729,-44.118866,158.063671,-0.748038,15.726466,-4.8e-05,0.001003
59344.787636,-0.446397,1.156658,-0.208177,1.156658,-0.114651,2.096729,-44.12438,158.063671,-0.747939,15.22574,-4.8e-05,0.001003
59344.795383,0.584742,1.156749,-0.205316,1.156749,-0.114382,2.096729,-44.140196,158.063671,-0.747635,14.707687,-4.8e-05,0.001003
59345.947952,1.076294,1.157122,0.234132,1.157122,-0.05858,2.096729,-39.676147,158.063671,-0.590553,15.273014,-2.5e-05,0.001003
59345.958629,1.363365,1.157122,0.238061,1.157122,-0.057993,2.096729,-39.594228,158.063671,-0.588475,15.711192,-2.4e-05,0.001003
59345.963947,1.735411,1.157122,0.240015,1.157122,-0.057701,2.096729,-39.553319,158.063671,-0.587438,15.894244,-2.4e-05,0.001003
59346.795241,-0.318718,1.157122,0.521144,1.157122,-0.014796,2.096729,-33.265598,158.063671,-0.431925,14.36902,-6e-06,0.001003
59346.800665,-0.402378,1.157122,0.522804,1.157122,-0.014548,2.096729,-33.230968,158.063671,-0.431046,15.581352,-6e-06,0.001003
59346.803396,0.793787,1.157122,0.523639,1.157122,-0.014423,2.096729,-33.213587,158.063671,-0.430605,15.172032,-6e-06,0.001003
59351.558649,-1.130688,1.156389,1.77631,1.156389,0.158686,2.096729,-13.800924,158.063671,0.124389,11.239741,6.6e-05,0.001003
59351.562402,-0.871393,1.156389,1.777015,1.156389,0.158919,2.096729,-13.725514,158.063671,0.125735,11.143593,6.6e-05,0.001003
59351.566162,-1.921096,1.156389,1.777718,1.156389,0.159152,2.096729,-13.649871,158.063671,0.127085,11.797438,6.6e-05,0.001003
59351.936083,-0.414656,1.156934,1.836082,1.156934,0.181709,2.096729,-5.844368,158.063671,0.263584,14.779162,7.5e-05,0.001003
59351.94368,0.304385,1.156934,1.837041,1.156934,0.182159,2.096729,-5.678401,158.063671,0.266432,15.382253,7.6e-05,0.001003
59351.946142,-0.603923,1.156841,1.837349,1.156841,0.182304,2.096729,-5.624583,158.063671,0.267355,14.867277,7.6e-05,0.001003
59352.841867,-2.05686,1.158116,1.873062,1.158116,0.226523,2.096729,13.635916,158.063671,0.5831,16.339088,9.4e-05,0.001003
59352.842947,-2.316808,1.15822,1.87301,1.15822,0.226562,2.096729,13.657148,158.063671,0.583431,17.101825,9.4e-05,0.001003
59352.844028,-0.120755,1.15822,1.872957,1.15822,0.226601,2.096729,13.678392,158.063671,0.583761,16.829127,9.4e-05,0.001003
59353.528282,-0.308908,1.156567,1.79553,1.156567,0.242148,2.096729,24.977352,158.063671,0.749846,11.601304,0.000101,0.001003
59353.535795,0.388395,1.156567,1.794227,1.156567,0.242212,2.096729,25.07341,158.063671,0.751133,11.557586,0.000101,0.001003
59353.547101,0.072373,1.156658,1.792249,1.156658,0.242303,2.096729,25.21668,158.063671,0.753045,12.025632,0.000101,0.001003
59353.930461,1.970175,1.157411,1.714251,1.157411,0.242289,2.096729,29.133978,158.063671,0.800672,14.928006,0.000101,0.001003
59353.955627,1.347965,1.157608,1.708461,1.157608,0.24208,2.096729,29.325975,158.063671,0.802623,14.991622,0.000101,0.001003
59353.973501,0.824121,1.157411,1.704305,1.157411,0.241917,2.096729,29.457434,158.063671,0.803922,14.808653,0.000101,0.001003
59355.970635,-1.111617,1.157028,1.161043,1.157028,0.175742,2.096729,25.276331,158.063671,0.631174,15.013217,7.3e-05,0.001003
59355.982602,-0.416645,1.156934,1.158071,1.156934,0.175278,2.096729,25.204816,158.063671,0.629449,14.972753,7.3e-05,0.001003
59355.989818,-2.769857,1.156841,1.156283,1.156841,0.174999,2.096729,25.161869,158.063671,0.628413,15.267415,7.3e-05,0.001003
59356.523628,0.608408,1.156749,1.033214,1.156749,0.156546,2.096729,22.566065,158.063671,0.562847,11.351326,6.5e-05,0.001003
59356.527399,-0.042785,1.156749,1.032407,1.156749,0.156433,2.096729,22.553104,158.063671,0.562482,12.517574,6.5e-05,0.001003
59356.531157,-2.302982,1.156749,1.031604,1.156749,0.156321,2.096729,22.540277,158.063671,0.56212,11.522563,6.5e-05,0.001003
59356.79245,-0.304382,1.157608,0.977584,1.157608,0.149231,2.096729,21.881832,158.063671,0.541052,16.47795,6.2e-05,0.001003
59356.79353,-0.270166,1.157708,0.977368,1.157708,0.149205,2.096729,21.880108,158.063671,0.540982,16.515919,6.2e-05,0.001003
59356.795697,-1.963732,1.157708,0.976934,1.157708,0.149152,2.096729,21.876675,158.063671,0.540843,16.801728,6.2e-05,0.001003
59357.763211,0.091622,1.157411,0.79458,1.157411,0.133616,2.096729,23.652899,158.063671,0.533836,16.758353,5.6e-05,0.001003
59357.764298,-1.260174,1.157411,0.794376,1.157411,0.133605,2.096729,23.658032,158.063671,0.533879,15.950074,5.6e-05,0.001003
59357.765379,-0.009971,1.157411,0.794173,1.157411,0.133595,2.096729,23.663141,158.063671,0.533921,16.419095,5.6e-05,0.001003
59357.782044,0.762389,1.157608,0.791037,1.157608,0.13343,2.096729,23.742496,158.063671,0.534583,15.026335,5.6e-05,0.001003
59357.800793,0.276924,1.157608,0.787502,1.157608,0.133247,2.096729,23.833058,158.063671,0.535347,15.495433,5.6e-05,0.001003
59357.816124,0.130822,1.157608,0.784604,1.157608,0.133098,2.096729,23.908084,158.063671,0.535986,15.374582,5.5e-05,0.001003
59359.689228,0.180339,1.156658,0.349283,1.156658,0.094004,2.096729,27.192816,158.063671,0.503939,11.952974,3.9e-05,0.001003
59359.692979,0.402344,1.156658,0.348278,1.156658,0.093834,2.096729,27.162232,158.063671,0.503253,11.624384,3.9e-05,0.001003
59359.696738,2.016351,1.156658,0.347271,1.156658,0.093662,2.096729,27.131347,158.063671,0.502562,11.585671,3.9e-05,0.001003
59359.771805,0.282029,1.157608,0.327173,1.157608,0.09014,2.096729,26.464952,158.063671,0.487967,16.090049,3.8e-05,0.001003
59359.772879,-0.483684,1.157608,0.326886,1.157608,0.090088,2.096729,26.454726,158.063671,0.487748,15.960263,3.8e-05,0.001003
59359.773965,-1.477393,1.157608,0.326595,1.157608,0.090035,2.096729,26.444365,158.063671,0.487525,16.560612,3.8e-05,0.001003
59359.800146,0.331825,1.157122,0.319601,1.157122,0.088759,2.096729,26.188499,158.063671,0.482062,14.782694,3.7e-05,0.001003
59359.81006,1.089471,1.157122,0.316955,1.157122,0.08827,2.096729,26.08854,158.063671,0.479944,15.127371,3.7e-05,0.001003
59359.81287,1.666221,1.157122,0.316205,1.157122,0.08813,2.096729,26.059901,158.063671,0.479339,14.950179,3.7e-05,0.001003
59360.640211,-0.733595,1.156749,0.115217,1.156749,0.036487,2.096729,11.578656,158.063671,0.208056,13.600401,1.5e-05,0.001003
59360.647753,-1.419081,1.156749,0.113703,1.156749,0.035936,2.096729,11.39269,158.063671,0.20478,12.139531,1.5e-05,0.001003
59360.65151,-0.71833,1.156749,0.112952,1.156749,0.035662,2.096729,11.299718,158.063671,0.203144,11.762888,1.5e-05,0.001003
59360.91091,-0.480417,1.157809,0.066619,1.157809,0.016217,2.096729,4.370871,158.063671,0.08304,16.14605,7e-06,0.001003
59360.913069,-0.390081,1.157809,0.066283,1.157809,0.016052,2.096729,4.30924,158.063671,0.081986,16.620169,7e-06,0.001003
59360.914146,-0.737914,1.157809,0.066116,1.157809,0.015969,2.096729,4.278474,158.063671,0.081461,16.19592,7e-06,0.001003
59360.994099,0.99309,1.157218,0.054336,1.157218,0.009842,2.096729,1.953277,158.063671,0.041889,15.099743,4e-06,0.001003
59360.996906,2.242481,1.157122,0.053945,1.157122,0.009627,2.096729,1.870209,158.063671,0.040482,15.132598,4e-06,0.001003
59361.009464,1.259208,1.157028,0.052218,1.157028,0.008661,2.096729,1.497425,158.063671,0.034169,15.080969,4e-06,0.001003
59362.567896,-1.961026,1.156658,0.162648,1.156658,-0.083968,2.096729,-48.169647,158.063671,-0.740636,11.461529,-3.5e-05,0.001003
59362.57165,-2.778164,1.156658,0.163786,1.156658,-0.084051,2.096729,-48.266535,158.063671,-0.741968,11.878774,-3.5e-05,0.001003
59362.594336,-1.810132,1.156658,0.170754,1.156658,-0.084533,2.096729,-48.8464,158.063671,-0.749908,11.887151,-3.6e-05,0.001003
59362.911689,-0.337087,1.157028,0.283513,1.157028,-0.087273,2.096729,-55.824354,158.063671,-0.839842,15.501771,-3.7e-05,0.001003
59362.917158,0.961732,1.157028,0.285694,1.157028,-0.087252,2.096729,-55.924196,158.063671,-0.841018,15.695129,-3.7e-05,0.001003
59362.952,0.237654,1.157028,0.299772,1.157028,-0.087063,2.096729,-56.542592,158.063671,-0.848193,15.684763,-3.7e-05,0.001003
59362.989542,-1.469078,1.157122,0.31528,1.157122,-0.086751,2.096729,-57.174129,158.063671,-0.8553,16.718757,-3.7e-05,0.001003
59362.990624,1.56747,1.157122,0.315732,1.157122,-0.08674,2.096729,-57.191788,158.063671,-0.855496,16.261772,-3.7e-05,0.001003
59362.991706,-0.694982,1.157509,0.316184,1.157509,-0.08673,2.096729,-57.209416,158.063671,-0.85569,16.634816,-3.7e-05,0.001003
59364.781942,0.223436,1.15791,1.237766,1.15791,0.053318,2.096729,-36.883316,158.063671,-0.350478,16.518737,2.2e-05,0.001003
59364.784112,1.116427,1.15791,1.238775,1.15791,0.053601,2.096729,-36.79954,158.063671,-0.348939,16.34564,2.2e-05,0.001003
59364.786269,-0.091575,1.15791,1.239777,1.15791,0.053882,2.096729,-36.716152,158.063671,-0.347407,16.485823,2.2e-05,0.001003
59364.986492,0.979731,1.156934,1.327695,1.156934,0.080418,2.096729,-28.502399,158.063671,-0.198611,15.412062,3.3e-05,0.001003
59364.990571,2.114052,1.156934,1.329374,1.156934,0.080966,2.096729,-28.325899,158.063671,-0.195454,15.212433,3.3e-05,0.001003
59364.99326,1.564947,1.156934,1.330479,1.156934,0.081328,2.096729,-28.209357,158.063671,-0.193371,15.064005,3.3e-05,0.001003
59367.809825,1.410423,1.157411,0.879003,1.157411,0.268331,2.096729,83.558005,158.063671,1.5107,15.030429,0.000112,0.001003
59367.8507,1.44572,1.157411,0.850706,1.157411,0.265915,2.096729,83.831639,158.063671,1.50958,15.429228,0.000111,0.001003
59367.888116,-1.58232,1.158013,0.824522,1.158013,0.263567,2.096729,84.030754,158.063671,1.507678,16.642461,0.00011,0.001003
59367.889198,0.635441,1.158116,0.823761,1.158116,0.263497,2.096729,84.035782,158.063671,1.50761,16.454978,0.00011,0.001003
59367.890277,0.1932,1.158116,0.823002,1.158116,0.263428,2.096729,84.040755,158.063671,1.507542,16.595584,0.00011,0.001003
59369.623053,-0.45071,1.156749,-0.397668,1.156749,0.057374,2.096729,47.32929,158.063671,0.68143,12.797955,2.4e-05,0.001003
59369.626817,0.401407,1.156749,-0.399785,1.156749,0.056839,2.096729,47.181344,158.063671,0.678646,12.366639,2.4e-05,0.001003
59369.630578,1.402519,1.156749,-0.401897,1.156749,0.056305,2.096729,47.033381,158.063671,0.675863,12.282898,2.4e-05,0.001003
59369.830306,-0.659073,1.15822,-0.507725,1.15822,0.028283,2.096729,39.013238,158.063671,0.526686,16.672091,1.2e-05,0.001003
59369.832476,-0.601993,1.15822,-0.508805,1.15822,0.027983,2.096729,38.924671,158.063671,0.525056,16.383264,1.2e-05,0.001003
59369.834633,0.255078,1.15822,-0.509876,1.15822,0.027685,2.096729,38.836611,158.063671,0.523435,16.187954,1.2e-05,0.001003
59369.849027,0.118412,1.157122,-0.516986,1.157122,0.025699,2.096729,38.248384,158.063671,0.512621,15.47487,1.1e-05,0.001003
59369.853868,0.099788,1.157028,-0.519362,1.157028,0.025032,2.096729,38.050328,158.063671,0.508983,15.684508,1.1e-05,0.001003
59369.85864,0.076123,1.157028,-0.521697,1.157028,0.024375,2.096729,37.854989,158.063671,0.505397,15.963632,1e-05,0.001003
59373.659212,2.614016,1.156749,-0.206394,1.156749,-0.126105,2.096729,-49.668603,158.063671,-0.83648,12.10439,-5.3e-05,0.001003
59373.666729,2.816973,1.156749,-0.203351,1.156749,-0.125861,2.096729,-49.705516,158.063671,-0.83648,12.222083,-5.3e-05,0.001003
59373.674236,2.336931,1.156749,-0.200309,1.156749,-0.125617,2.096729,-49.742348,158.063671,-0.836478,13.34676,-5.3e-05,0.001003
59373.754009,0.757273,1.156934,-0.167847,1.156934,-0.123007,2.096729,-50.132577,158.063671,-0.836418,15.409951,-5.2e-05,0.001003
59373.775084,-0.365345,1.156934,-0.159229,1.156934,-0.122313,2.096729,-50.235572,158.063671,-0.836392,15.546441,-5.1e-05,0.001003
59373.777851,0.988522,1.156934,-0.158096,1.156934,-0.122221,2.096729,-50.249099,158.063671,-0.836389,15.344997,-5.1e-05,0.001003
59373.810573,-0.568119,1.157809,-0.144679,1.157809,-0.12114,2.096729,-50.40921,158.063671,-0.836345,16.227103,-5.1e-05,0.001003
59373.811657,-0.559564,1.157809,-0.144234,1.157809,-0.121104,2.096729,-50.41452,158.063671,-0.836343,16.377859,-5.1e-05,0.001003
59373.813815,0.51655,1.157809,-0.143348,1.157809,-0.121033,2.096729,-50.425092,158.063671,-0.83634,16.236954,-5.1e-05,0.001003
59377.592362,1.321775,1.156749,1.695847,1.156749,0.083367,2.096729,-45.62037,158.063671,-0.401417,11.76324,3.4e-05,0.001003
59377.596124,0.214963,1.156749,1.697659,1.156749,0.08376,2.096729,-45.524554,158.063671,-0.399529,12.392917,3.4e-05,0.001003
59377.599879,0.665156,1.156749,1.699466,1.156749,0.084152,2.096729,-45.428639,158.063671,-0.397639,12.575486,3.4e-05,0.001003
59377.96888,1.035579,1.157411,1.865847,1.157411,0.124283,2.096729,-34.68889,158.063671,-0.193077,15.59455,5.1e-05,0.001003
59377.971631,-0.145566,1.157411,1.866992,1.157411,0.124592,2.096729,-34.599456,158.063671,-0.19142,15.97791,5.1e-05,0.001003
59377.992368,1.65785,1.157411,1.875576,1.157411,0.126923,2.096729,-33.921096,158.063671,-0.178874,15.755816,5.2e-05,0.001003
59379.735077,0.247414,1.156478,2.135208,1.156478,0.302829,2.096729,36.784876,158.063671,1.00525,11.721351,0.000126,0.001003
59379.738845,-1.076954,1.156478,2.134576,1.156478,0.303073,2.096729,36.932589,158.063671,1.007495,12.517898,0.000126,0.001003
59379.742599,0.03168,1.156389,2.133942,1.156389,0.303314,2.096729,37.07957,158.063671,1.009728,11.338433,0.000126,0.001003
59379.782259,-1.723479,1.157218,2.126905,1.157218,0.305808,2.096729,38.621028,158.063671,1.033073,15.192088,0.000127,0.001003
59379.791042,-0.892839,1.157218,2.125265,1.157218,0.306345,2.096729,38.959519,158.063671,1.03818,14.980178,0.000128,0.001003
59379.798053,-0.654509,1.157218,2.123935,1.157218,0.30677,2.096729,39.22895,158.063671,1.042241,15.419729,0.000128,0.001003
59379.814717,0.447506,1.15791,2.120696,1.15791,0.307767,2.096729,39.86657,158.063671,1.051834,16.13835,0.000128,0.001003
59379.815795,-0.615281,1.15791,2.120483,1.15791,0.307831,2.096729,39.907682,158.063671,1.052451,16.432249,0.000128,0.001003
59379.817955,-0.981853,1.15791,2.120055,1.15791,0.307959,2.096729,39.990008,158.063671,1.053688,16.317375,0.000128,0.001003
59381.728041,0.639151,1.156478,1.192471,1.156478,0.276604,2.096729,71.726614,158.063671,1.38201,12.067916,0.000116,0.001003
59381.731781,0.356599,1.156478,1.190023,1.156478,0.276279,2.096729,71.695378,158.063671,1.381032,11.887107,0.000115,0.001003
59381.735568,2.074079,1.156389,1.187543,1.156389,0.27595,2.096729,71.663398,158.063671,1.380037,12.787711,0.000115,0.001003
59381.868116,-1.110432,1.15822,1.100634,1.15822,0.26396,2.096729,70.326239,158.063671,1.341687,16.269725,0.00011,0.001003
59381.870266,1.737978,1.15822,1.099224,1.15822,0.263759,2.096729,70.301135,158.063671,1.34101,17.001258,0.00011,0.001003
59381.87135,-0.033311,1.15822,1.098513,1.15822,0.263657,2.096729,70.288437,158.063671,1.340668,16.886252,0.00011,0.001003
59381.872906,-1.215067,1.156934,1.097493,1.156934,0.263511,2.096729,70.270163,158.063671,1.340177,15.06094,0.00011,0.001003
59381.880456,-0.112116,1.156934,1.092542,1.156934,0.2628,2.096729,70.180704,158.063671,1.337779,15.365448,0.00011,0.001003
59381.886774,-0.943974,1.156934,1.0884,1.156934,0.262203,2.096729,70.104839,158.063671,1.335757,14.703879,0.00011,0.001003
59387.775282,-0.92946,1.156841,-0.343114,1.156841,-0.01407,2.096729,10.562138,158.063671,0.102572,15.270518,-6e-06,0.001003
59387.77803,-0.090102,1.156841,-0.343472,1.156841,-0.014168,2.096729,10.533871,158.063671,0.102049,15.406064,-6e-06,0.001003
59387.780792,1.310257,1.156841,-0.343831,1.156841,-0.014265,2.096729,10.505322,158.063671,0.101521,15.211386,-6e-06,0.001003
59390.491178,-1.150117,1.155875,-0.148261,1.155875,-0.12846,2.096729,-53.715041,158.063671,-0.890043,11.022086,-5.4e-05,0.001003
59390.494938,0.202409,1.155875,-0.146787,1.155875,-0.128433,2.096729,-53.776202,158.063671,-0.890737,10.507589,-5.4e-05,0.001003
59390.502465,-1.842552,1.155959,-0.143826,1.155959,-0.128375,2.096729,-53.897641,158.063671,-0.892107,11.284484,-5.4e-05,0.001003
59390.9217,0.79526,1.158116,0.039942,1.158116,-0.118335,2.096729,-58.361865,158.063671,-0.927921,16.235286,-5e-05,0.001003
59390.922782,0.801744,1.158116,0.040458,1.158116,-0.118291,2.096729,-58.367094,158.063671,-0.927905,16.365834,-5e-05,0.001003
59390.924944,-0.456289,1.158116,0.041491,1.158116,-0.118204,2.096729,-58.377437,158.063671,-0.927869,16.390985,-5e-05,0.001003
59392.505546,2.26341,1.156478,0.827212,1.156478,0.029256,2.096729,-27.686287,158.063671,-0.282916,11.149392,1.2e-05,0.001003
59392.509311,1.245905,1.156478,0.828717,1.156478,0.029741,2.096729,-27.531288,158.063671,-0.280138,10.691012,1.2e-05,0.001003
59392.516837,2.128908,1.156567,0.831714,1.156567,0.03071,2.096729,-27.2206,158.063671,-0.274574,10.710525,1.2e-05,0.001003
59392.960147,-0.191046,1.157028,0.977472,1.157028,0.088045,2.096729,-7.250169,158.063671,0.073968,15.607357,3.6e-05,0.001003
59392.963011,0.584231,1.157028,0.978195,1.157028,0.08841,2.096729,-7.112778,158.063671,0.076311,15.999082,3.7e-05,0.001003
59392.971653,0.169067,1.157028,0.980359,1.157028,0.08951,2.096729,-6.697741,158.063671,0.083387,15.902343,3.7e-05,0.001003
59393.633615,0.068663,1.156658,1.055959,1.156658,0.165771,2.096729,25.815238,158.063671,0.619366,12.423021,6.9e-05,0.001003
59393.648646,-0.551857,1.156658,1.055479,1.156658,0.167239,2.096729,26.538144,158.063671,0.630863,11.751002,7e-05,0.001003
59393.686269,-1.665212,1.156567,1.053834,1.156567,0.170845,2.096729,28.338132,158.063671,0.659401,11.516306,7.1e-05,0.001003
59393.747867,-0.513342,1.157122,1.049768,1.157122,0.176536,2.096729,31.252804,158.063671,0.70534,15.390664,7.4e-05,0.001003
59393.756522,0.395366,1.157122,1.04906,1.157122,0.177313,2.096729,31.658828,158.063671,0.711711,15.269547,7.4e-05,0.001003
59393.759391,0.449609,1.157122,1.048817,1.157122,0.17757,2.096729,31.793217,158.063671,0.713819,15.625402,7.4e-05,0.001003
59395.476277,0.585917,1.156043,0.326705,1.156043,0.194239,2.096729,76.061688,158.063671,1.283042,12.159964,8.1e-05,0.001003
59395.480038,0.173402,1.156129,0.32422,1.156129,0.193957,2.096729,76.052735,158.063671,1.282415,10.671861,8.1e-05,0.001003
59395.491328,-1.858128,1.156129,0.31675,1.156129,0.193105,2.096729,76.022783,158.063671,1.280481,10.150899,8.1e-05,0.001003
59395.820428,-0.997713,1.15822,0.094165,1.15822,0.163556,2.096729,73.149475,158.063671,1.191101,12.250051,6.9e-05,0.001003
59395.821839,-1.725747,1.15822,0.093199,1.15822,0.16341,2.096729,73.128997,158.063671,1.190585,10.965034,6.9e-05,0.001003
59395.822544,-0.855265,1.15822,0.092717,1.15822,0.163338,2.096729,73.11874,158.063671,1.190327,11.742397,6.9e-05,0.001003
59395.869374,0.056543,1.158325,0.060659,1.158325,0.158441,2.096729,72.399611,158.063671,1.172559,16.998807,6.6e-05,0.001003
59395.871528,-1.866982,1.158325,0.059184,1.158325,0.158212,2.096729,72.364752,158.063671,1.171713,16.748185,6.6e-05,0.001003
59395.872604,-1.176245,1.158325,0.058447,1.158325,0.158097,2.096729,72.34728,158.063671,1.17129,16.842384,6.6e-05,0.001003
59398.71068,3.824669,1.158116,-0.895217,1.158116,-0.178392,2.096729,-39.912492,158.063671,-0.814103,12.440435,-7.4e-05,0.001003
59398.711386,2.168529,1.158116,-0.895077,1.158116,-0.178431,2.096729,-39.938002,158.063671,-0.814485,12.348878,-7.4e-05,0.001003
59398.712092,1.02439,1.158116,-0.894938,1.158116,-0.17847,2.096729,-39.963502,158.063671,-0.814866,12.565127,-7.4e-05,0.001003
59398.827897,-3.301065,1.156658,-0.869509,1.156658,-0.184313,2.096729,-44.025645,158.063671,-0.875045,15.358792,-7.7e-05,0.001003
59398.834978,0.04922,1.156658,-0.867794,1.156658,-0.184637,2.096729,-44.266119,158.063671,-0.878567,15.488509,-7.7e-05,0.001003
59398.841083,-1.081274,1.156567,-0.8663,1.156567,-0.184913,2.096729,-44.472705,158.063671,-0.881588,15.14047,-7.7e-05,0.001003
59398.952307,-0.056046,1.158013,-0.836752,1.158013,-0.189439,2.096729,-48.114528,158.063671,-0.934226,16.55311,-7.9e-05,0.001003
59398.953395,0.043643,1.158013,-0.836441,1.158013,-0.189478,2.096729,-48.148999,158.063671,-0.934718,16.360912,-7.9e-05,0.001003
59398.956643,1.420714,1.15791,-0.835512,1.15791,-0.189596,2.096729,-48.251772,158.063671,-0.936185,16.557881,-7.9e-05,0.001003
59400.646392,-0.297109,1.156749,0.007731,1.156749,-0.158082,2.096729,-75.669296,158.063671,-1.211672,11.794479,-6.6e-05,0.001003
59400.657667,-0.650219,1.156749,0.014841,1.156749,-0.157415,2.096729,-75.709486,158.063671,-1.210933,12.230028,-6.6e-05,0.001003
59400.661426,-0.354592,1.156749,0.017214,1.156749,-0.157192,2.096729,-75.722604,158.063671,-1.210682,12.087947,-6.6e-05,0.001003
59400.744296,-0.517313,1.157028,0.069739,1.157028,-0.152177,2.096729,-75.977254,158.063671,-1.204544,15.527272,-6.4e-05,0.001003
59400.748426,-1.172941,1.157028,0.072367,1.157028,-0.151923,2.096729,-75.988269,158.063671,-1.204209,15.484882,-6.4e-05,0.001003
59400.751156,-0.297679,1.157028,0.074105,1.157028,-0.151754,2.096729,-75.995465,158.063671,-1.203986,15.602404,-6.4e-05,0.001003
59400.788343,1.251385,1.15791,0.097817,1.15791,-0.149441,2.096729,-76.086884,158.063671,-1.200838,16.923501,-6.3e-05,0.001003
59400.791596,-1.251693,1.15791,0.099895,1.15791,-0.149237,2.096729,-76.094304,158.063671,-1.200552,16.779809,-6.3e-05,0.001003
59400.792679,-0.229385,1.15791,0.100587,1.15791,-0.149169,2.096729,-76.096754,158.063671,-1.200457,16.890399,-6.3e-05,0.001003
59400.806188,-0.44277,1.157708,0.109222,1.157708,-0.148319,2.096729,-76.126472,158.063671,-1.199253,10.663964,-6.2e-05,0.001003
59400.8076,-0.579673,1.157708,0.110125,1.157708,-0.14823,2.096729,-76.129489,158.063671,-1.199126,10.741141,-6.2e-05,0.001003
59400.809013,-1.624576,1.157708,0.111028,1.157708,-0.148141,2.096729,-76.13249,158.063671,-1.198998,11.74672,-6.2e-05,0.001003
59401.620171,1.198991,1.156658,0.637631,1.156658,-0.091833,2.096729,-75.812018,158.063671,-1.091388,11.875532,-3.9e-05,0.001003
59401.62393,1.097545,1.156658,0.640077,1.156658,-0.091557,2.096729,-75.803951,158.063671,-1.090783,12.295422,-3.9e-05,0.001003
59401.631459,1.422646,1.156658,0.644976,1.156658,-0.091005,2.096729,-75.787672,158.063671,-1.089568,12.717924,-3.9e-05,0.001003
59401.712219,2.185975,1.158325,0.697477,1.158325,-0.085071,2.096729,-75.603284,158.063671,-1.076396,11.892446,-3.6e-05,0.001003
59401.713631,0.661058,1.158325,0.698394,1.158325,-0.084967,2.096729,-75.599906,158.063671,-1.076163,12.625713,-3.6e-05,0.001003
59401.715043,0.627141,1.158325,0.699311,1.158325,-0.084863,2.096729,-75.596523,158.063671,-1.07593,12.393628,-3.6e-05,0.001003
59401.926604,0.658073,1.156934,0.836353,1.156934,-0.069205,2.096729,-75.034614,158.063671,-1.040255,15.171185,-2.9e-05,0.001003
59401.929066,2.326484,1.156934,0.837942,1.156934,-0.069022,2.096729,-75.027457,158.063671,-1.039831,15.067862,-2.9e-05,0.001003
59401.934021,3.450284,1.156934,0.841142,1.156934,-0.068654,2.096729,-75.013009,158.063671,-1.038976,15.460233,-2.9e-05,0.001003
59401.94313,3.146179,1.15791,0.847023,1.15791,-0.067976,2.096729,-74.986302,158.063671,-1.037404,16.401554,-2.9e-05,0.001003
59401.946369,0.935089,1.15791,0.849113,1.15791,-0.067736,2.096729,-74.97676,158.063671,-1.036844,16.670264,-2.9e-05,0.001003
59401.947449,-0.269608,1.15791,0.84981,1.15791,-0.067655,2.096729,-74.973573,158.063671,-1.036657,16.863018,-2.9e-05,0.001003
59403.704762,-1.611765,1.158013,1.939217,1.158013,0.074248,2.096729,-62.207533,158.063671,-0.619995,12.350658,3e-05,0.001003
59403.705467,-2.671175,1.158013,1.939627,1.158013,0.074314,2.096729,-62.196504,158.063671,-0.619739,12.941547,3e-05,0.001003
59403.707585,-0.185406,1.158013,1.940858,1.158013,0.074514,2.096729,-62.163326,158.063671,-0.618968,12.666641,3e-05,0.001003
59403.818444,-3.297356,1.156841,2.004782,1.156841,0.085121,2.096729,-60.328131,158.063671,-0.577105,15.093855,3.5e-05,0.001003
59403.823373,-2.722175,1.156841,2.007601,1.156841,0.0856,2.096729,-60.24193,158.063671,-0.575175,15.228993,3.5e-05,0.001003
59403.833134,-1.237751,1.156934,2.013177,1.156934,0.08655,2.096729,-60.070038,158.063671,-0.571334,15.207587,3.5e-05,0.001003
59403.958462,1.64419,1.157708,2.084012,1.157708,0.098971,2.096729,-57.719152,158.063671,-0.519859,16.906962,4e-05,0.001003
59403.96171,-0.884626,1.157708,2.085828,1.157708,0.099298,2.096729,-57.654589,158.063671,-0.518471,16.507819,4.1e-05,0.001003
59403.962787,0.652772,1.157708,2.08643,1.157708,0.099407,2.096729,-57.633139,158.063671,-0.51801,16.366408,4.1e-05,0.001003
59404.508045,-2.192129,1.156478,2.372751,1.156478,0.158474,2.096729,-43.909701,158.063671,-0.242271,10.966895,6.5e-05,0.001003
59404.5118,-1.495947,1.156567,2.374569,1.156567,0.158909,2.096729,-43.79417,158.063671,-0.240066,11.495524,6.6e-05,0.001003
59404.515573,-2.541771,1.156567,2.376393,1.156567,0.159346,2.096729,-43.677783,158.063671,-0.237845,11.577392,6.6e-05,0.001003
59404.813681,0.758519,1.157608,2.511683,1.157608,0.194982,2.096729,-33.514225,158.063671,-0.04857,16.618503,8.1e-05,0.001003
59404.815847,0.719605,1.157608,2.512597,1.157608,0.195248,2.096729,-33.43335,158.063671,-0.047095,16.528499,8.1e-05,0.001003
59404.81801,-0.841306,1.157608,2.513508,1.157608,0.195515,2.096729,-33.352486,158.063671,-0.045622,16.567138,8.1e-05,0.001003
59404.82745,-2.05002,1.157809,2.517472,1.157809,0.196677,2.096729,-32.998387,158.063671,-0.039173,11.868471,8.1e-05,0.001003
59404.828862,0.346389,1.157809,2.518063,1.157809,0.196851,2.096729,-32.945257,158.063671,-0.038206,11.667025,8.1e-05,0.001003
59404.830274,-0.598201,1.157809,2.518653,1.157809,0.197025,2.096729,-32.892083,158.063671,-0.037239,11.828744,8.1e-05,0.001003
59404.877869,0.548143,1.156841,2.538283,1.156841,0.202915,2.096729,-31.074598,158.063671,-0.00428,15.070961,8.4e-05,0.001003
59404.886031,-0.932169,1.156841,2.541595,1.156841,0.20393,2.096729,-30.758022,158.063671,0.00144,15.113751,8.4e-05,0.001003
59404.891192,0.688746,1.156841,2.54368,1.156841,0.204572,2.096729,-30.557106,158.063671,0.005067,14.950607,8.5e-05,0.001003
59406.527049,1.483338,1.156658,2.734284,1.156658,0.405091,2.096729,55.342786,158.063671,1.419357,11.308237,0.000169,0.001003
59406.538333,2.147157,1.156658,2.731465,1.156658,0.406195,2.096729,56.010378,158.063671,1.429511,11.303293,0.000169,0.001003
59406.802972,0.792904,1.15791,2.646298,1.15791,0.429641,2.096729,71.460511,158.063671,1.660645,17.014101,0.000179,0.001003
59406.804046,1.135325,1.15791,2.645877,1.15791,0.429726,2.096729,71.522066,158.063671,1.66155,16.840801,0.000179,0.001003
59406.80621,1.121175,1.15791,2.645027,1.15791,0.429897,2.096729,71.646057,158.063671,1.663372,16.613962,0.000179,0.001003
59407.82375,0.284708,1.15791,1.978744,1.15791,0.461117,2.096729,120.035441,158.063671,2.309528,12.235152,0.000193,0.001003
59407.824459,-0.672654,1.15791,1.978106,1.15791,0.4611,2.096729,120.059275,158.063671,2.309786,12.57283,0.000193,0.001003
59407.826574,1.008248,1.15791,1.976204,1.15791,0.461048,2.096729,120.130267,158.063671,2.310554,12.365885,0.000193,0.001003
59408.004463,-1.237191,1.156841,1.809617,1.156841,0.454777,2.096729,125.525395,158.063671,2.364636,15.371317,0.00019,0.001003
59408.006974,-0.33175,1.156841,1.807176,1.156841,0.454662,2.096729,125.593162,158.063671,2.365247,15.093177,0.00019,0.001003
59408.015361,-0.813579,1.156934,1.799005,1.156934,0.45427,2.096729,125.817772,158.063671,2.367258,14.932,0.00019,0.001003
59410.920238,3.160008,1.158013,-1.214806,1.158013,-0.041378,2.096729,41.41403,158.063671,0.427585,16.909754,-1.7e-05,0.001003
59410.921316,1.238663,1.158013,-1.215461,1.158013,-0.041592,2.096729,41.345165,158.063671,0.426353,16.918132,-1.7e-05,0.001003
59410.922399,1.919322,1.158013,-1.21612,1.158013,-0.041807,2.096729,41.275983,158.063671,0.425116,16.465258,-1.7e-05,0.001003
59410.944621,0.273905,1.156841,-1.229479,1.156841,-0.046198,2.096729,39.856905,158.063671,0.399765,14.995487,-1.9e-05,0.001003
59410.946937,0.089282,1.156841,-1.230856,1.156841,-0.046654,2.096729,39.709066,158.063671,0.397127,15.199168,-1.9e-05,0.001003
59410.949464,-0.13622,1.156934,-1.232354,1.156934,-0.047151,2.096729,39.547773,158.063671,0.394249,14.667405,-1.9e-05,0.001003
59411.599363,1.669219,1.155793,-1.496597,1.155793,-0.15813,2.096729,-0.00694,158.063671,-0.291335,10.856267,-6.6e-05,0.001003
59411.603115,1.65504,1.155793,-1.497418,1.155793,-0.158656,2.096729,-0.216253,158.063671,-0.294851,11.885393,-6.6e-05,0.001003
59411.60687,1.122854,1.155793,-1.498232,1.155793,-0.159181,2.096729,-0.42543,158.063671,-0.298363,11.583964,-6.6e-05,0.001003
59411.78161,0.384833,1.15822,-1.527381,1.15822,-0.181945,2.096729,-9.799243,158.063671,-0.454322,12.503866,-7.6e-05,0.001003
59411.782316,-1.020083,1.15822,-1.527465,1.15822,-0.18203,2.096729,-9.835596,158.063671,-0.454921,12.32323,-7.6e-05,0.001003
59411.78373,0.603083,1.15822,-1.527631,1.15822,-0.182201,2.096729,-9.908366,158.063671,-0.45612,12.233394,-7.6e-05,0.001003
59411.816197,0.210576,1.156749,-1.53115,1.156749,-0.186051,2.096729,-11.564857,158.063671,-0.483363,15.449859,-7.7e-05,0.001003
59411.819974,1.656948,1.156841,-1.531522,1.156841,-0.186491,2.096729,-11.755752,158.063671,-0.486496,15.864112,-7.8e-05,0.001003
59411.82482,0.774414,1.156749,-1.531988,1.156749,-0.187053,2.096729,-12.000117,158.063671,-0.490504,16.208403,-7.8e-05,0.001003
59411.906049,2.163126,1.157809,-1.537924,1.157809,-0.196081,2.096729,-16.000393,158.063671,-0.555794,16.591678,-8.2e-05,0.001003
59411.907133,1.028181,1.157809,-1.537979,1.157809,-0.196196,2.096729,-16.052527,158.063671,-0.556641,16.5903,-8.2e-05,0.001003
59411.908209,0.180236,1.157809,-1.538034,1.157809,-0.19631,2.096729,-16.104243,158.063671,-0.557481,16.683754,-8.2e-05,0.001003
59412.490247,-1.21306,1.155793,-1.484318,1.155793,-0.237996,2.096729,-38.65793,158.063671,-0.908623,12.662615,-9.9e-05,0.001003
59412.49777,-1.664741,1.155875,-1.482637,1.155875,-0.238269,2.096729,-38.872458,158.063671,-0.911735,10.818066,-9.9e-05,0.001003
59412.501527,-0.772588,1.155875,-1.48179,1.155875,-0.238403,2.096729,-38.978813,158.063671,-0.913275,10.803551,-9.9e-05,0.001003
59412.829003,-2.229141,1.156749,-1.388433,1.156749,-0.243742,2.096729,-46.218351,158.063671,-1.011178,15.49571,-0.000102,0.001003
59412.833593,-0.568697,1.156749,-1.386877,1.156749,-0.24373,2.096729,-46.291002,158.063671,-1.01204,15.426095,-0.000102,0.001003
59412.837208,-1.737927,1.156749,-1.385647,1.156749,-0.243719,2.096729,-46.347658,158.063671,-1.012709,15.659082,-0.000102,0.001003
59415.570783,1.764545,1.156567,-0.443923,1.156567,-0.031673,2.096729,7.251408,158.063671,0.029876,10.987967,-1.3e-05,0.001003
59415.574543,3.14932,1.156567,-0.443698,1.156567,-0.031422,2.096729,7.359495,158.063671,0.031652,10.429338,-1.3e-05,0.001003
59415.582054,2.261884,1.156567,-0.443262,1.156567,-0.030924,2.096729,7.574827,158.063671,0.03519,10.695601,-1.3e-05,0.001003
59415.885276,1.113774,1.156841,-0.439572,1.156841,-0.013812,2.096729,15.537938,158.063671,0.163577,16.551838,-6e-06,0.001003
59415.886359,1.280808,1.156658,-0.439606,1.156658,-0.013762,2.096729,15.563567,158.063671,0.163981,16.122427,-6e-06,0.001003
59415.888523,2.308877,1.156658,-0.439675,1.156658,-0.013662,2.096729,15.614714,158.063671,0.164788,16.372512,-6e-06,0.001003
59415.932857,-0.185195,1.157218,-0.441379,1.157218,-0.011682,2.096729,16.643308,158.063671,0.180947,15.27391,-5e-06,0.001003
59415.935313,1.555915,1.157218,-0.441489,1.157218,-0.011576,2.096729,16.699206,158.063671,0.181822,15.269769,-5e-06,0.001003
59415.939286,1.852097,1.157218,-0.441671,1.157218,-0.011406,2.096729,16.789386,158.063671,0.183233,15.148754,-5e-06,0.001003
59416.585354,2.28156,1.156478,-0.521938,1.156478,0.00167,2.096729,27.054751,158.063671,0.332194,11.273102,1e-06,0.001003
59416.59286,2.281997,1.156478,-0.523375,1.156478,0.001654,2.096729,27.119636,158.063671,0.332955,12.002879,1e-06,0.001003
59416.600384,-0.626553,1.156478,-0.524825,1.156478,0.001635,2.096729,27.183394,158.063671,0.333695,11.318277,1e-06,0.001003
59416.825651,-0.006423,1.156934,-0.572151,1.156934,-0.000599,2.096729,28.500562,158.063671,0.345603,15.328299,0.0,0.001003
59416.828226,-2.159843,1.157028,-0.572731,1.157028,-0.000643,2.096729,28.509062,158.063671,0.345627,15.297793,0.0,0.001003
59416.830818,-1.631258,1.157028,-0.573316,1.157028,-0.000687,2.096729,28.517471,158.063671,0.345648,15.226617,0.0,0.001003
59418.78676,-1.689129,1.156749,-0.999445,1.156749,-0.091524,2.096729,6.69876,158.063671,-0.087084,15.390268,-3.8e-05,0.001003
59418.796578,-0.469004,1.156749,-1.00057,1.156749,-0.091969,2.096729,6.543597,158.063671,-0.089791,15.409003,-3.8e-05,0.001003
59418.799316,0.078307,1.156749,-1.000881,1.156749,-0.092093,2.096729,6.500429,158.063671,-0.090544,15.441026,-3.8e-05,0.001003
59418.864899,-1.315827,1.157218,-1.007971,1.157218,-0.094983,2.096729,5.480808,158.063671,-0.10827,16.560688,-3.9e-05,0.001003
59418.865982,-1.368715,1.157218,-1.008083,1.157218,-0.095029,2.096729,5.464214,158.063671,-0.108558,16.143318,-3.9e-05,0.001003
59418.868144,-1.096494,1.157218,-1.008304,1.157218,-0.095122,2.096729,5.431112,158.063671,-0.109132,16.559319,-3.9e-05,0.001003
