Time [eMJD],RV_C,eRV_C,RV_A,eRV_A,FIESTAdata_mode1,eFIESTAdata_mode1,FIESTAdata_mode2,eFIESTAdata_mode2,FIESTAdata_mode3,eFIESTAdata_mode3
59333.415568,0.21544,1.190367,0.515202,1.190367,0.056027,1.33281,-0.246741,1.777569,1.108441,4.405094
59333.423109,1.100552,1.190367,0.52409,1.190367,0.059242,1.332809,-0.251453,1.777557,1.109506,4.405165
59333.430622,1.114698,1.190367,0.532944,1.190367,0.062452,1.332782,-0.256147,1.777535,1.110513,4.404926
59336.743932,-1.243188,1.018241,1.764782,1.018241,0.163081,0.719747,-0.643119,1.12404,1.810761,2.609591
59336.746093,0.546021,1.018241,1.762573,1.018241,0.163608,0.719768,-0.643531,1.124041,1.809154,2.60997
59336.748248,-1.289779,1.018241,1.760373,1.018241,0.164133,0.719701,-0.64394,1.124004,1.807554,2.610104
59336.758799,0.136904,1.344756,2.042938,1.344756,0.022503,0.723308,-0.876676,0.90692,1.325149,3.137389
59336.761856,-0.775238,1.344756,2.04308,1.344756,0.020397,0.72334,-0.872733,0.907004,1.320867,3.137689
59336.784434,-0.717217,1.344675,2.044059,1.344675,0.00503,0.723234,-0.843944,0.906935,1.28959,3.137352
59337.622814,-1.436419,1.344837,2.028261,1.344837,-0.3294,0.72435,-0.202262,0.908061,0.585674,3.139079
59337.625851,-4.023278,1.344837,2.02812,1.344837,-0.329861,0.7243,-0.201329,0.908051,0.58463,3.13893
59337.634966,-1.363857,1.344837,2.027699,1.344837,-0.33122,0.72421,-0.198577,0.907902,0.581547,3.138931
59337.774001,-1.444321,1.018357,1.167915,1.018357,0.291804,0.720345,-0.731356,1.124632,1.364221,2.611332
59337.775076,-1.358133,1.018357,1.167727,1.018357,0.291833,0.720345,-0.731364,1.124635,1.36407,2.611441
59337.776152,-2.085945,1.018357,1.167539,1.018357,0.291861,0.720278,-0.731372,1.124611,1.363919,2.610823
59338.51068,-2.042061,1.190195,1.381703,1.190195,0.743672,1.33263,-0.781623,1.777378,-1.792957,4.404346
59338.518212,-3.641673,1.190195,1.381315,1.190195,0.743512,1.33261,-0.781413,1.777361,-1.792841,4.404145
59338.521961,-3.092478,1.190195,1.38112,1.190195,0.743431,1.332576,-0.781308,1.777322,-1.792786,4.404159
59338.772484,-0.864093,1.344756,1.974935,1.344756,-0.381302,0.723723,-0.08191,0.907549,0.444594,3.138342
59338.777633,-1.269745,1.344837,1.974587,1.344837,-0.381801,0.72394,-0.080821,0.907755,0.443342,3.138899
59338.786794,-1.54412,1.344837,1.973962,1.344837,-0.38271,0.724086,-0.078839,0.907888,0.441064,3.138691
59339.42029,-2.806352,1.19028,1.232994,1.19028,0.693308,1.332708,-0.703494,1.777462,-1.8383,4.404614
59339.424038,-2.277166,1.19028,1.231808,1.19028,0.692914,1.332728,-0.702873,1.777483,-1.838724,4.404743
59339.431563,-2.690767,1.19028,1.229409,1.19028,0.692117,1.332737,-0.701616,1.7775,-1.83958,4.404731
59339.726877,-0.64821,1.344516,1.829052,1.344516,-0.64629,0.722529,0.480971,0.90613,-0.196616,3.136393
59339.748089,-1.663442,1.344595,1.823284,1.344595,-0.655877,0.722507,0.501536,0.90617,-0.220121,3.136222
59339.7538,-2.565867,1.344595,1.821709,1.344595,-0.658478,0.72259,0.507119,0.906269,-0.226505,3.136502
59339.767903,-1.466016,1.018357,0.51361,1.018357,0.383344,0.720041,-0.74566,1.12435,0.829992,2.610909
59339.770056,-2.142999,1.018241,0.511593,1.018241,0.383632,0.719997,-0.745714,1.124309,0.828351,2.610787
59339.77221,-3.229979,1.018241,0.509573,1.018241,0.38392,0.719981,-0.745768,1.124275,0.826707,2.610524
59340.663677,-2.581052,1.34436,1.452894,1.34436,-1.096226,0.721376,1.48915,0.904994,-1.365745,3.13423
59340.694437,-0.763069,1.34436,1.436911,1.34436,-1.108516,0.721408,1.519019,0.905035,-1.401253,3.134254
59340.699195,-1.837582,1.34436,1.434424,1.34436,-1.110382,0.721413,1.523579,0.90506,-1.406682,3.134468
59340.735605,-3.275353,1.018241,-0.524053,1.018241,0.506616,0.72004,-0.731928,1.124333,-0.036998,2.61062
59340.736685,-0.803257,1.018241,-0.525149,1.018241,0.506706,0.719998,-0.731847,1.124356,-0.037951,2.610944
59340.737757,-0.711168,1.018241,-0.526238,1.018241,0.506795,0.72,-0.731767,1.124312,-0.038896,2.610407
59343.369853,1.772597,1.190454,0.393045,1.190454,0.207885,1.332902,-0.221604,1.777669,-0.480612,4.405219
59343.381119,0.932817,1.190454,0.397825,1.190454,0.209099,1.33293,-0.224033,1.777701,-0.475903,4.405361
59343.384884,1.37622,1.190454,0.399422,1.190454,0.209506,1.332939,-0.224845,1.777705,-0.474346,4.405156
59343.648634,1.002857,1.344437,0.590985,1.344437,0.090971,0.721444,-0.414036,0.905063,0.558621,3.134355
59343.651061,0.408436,1.34436,0.591406,1.34436,0.092245,0.721282,-0.416629,0.904888,0.561529,3.134122
59343.663289,0.909302,1.34436,0.59354,1.34436,0.098604,0.721187,-0.429578,0.904787,0.57606,3.133953
59343.768576,0.812152,1.018127,0.741442,1.018127,0.001207,0.71942,-0.158278,1.123744,0.70004,2.609441
59343.77073,2.907368,1.018127,0.743226,1.018127,0.000918,0.719266,-0.158173,1.123594,0.701461,2.608553
59343.771806,1.769479,1.018013,0.744115,1.018013,0.000774,0.719252,-0.158121,1.123585,0.702169,2.608516
59344.368252,1.321632,1.190541,0.70401,1.190541,0.310692,1.33298,-0.38447,1.777756,-0.365633,4.405351
59344.372016,1.755219,1.190541,0.704423,1.190541,0.310932,1.332994,-0.384707,1.777758,-0.366311,4.405562
59344.375772,-0.171185,1.190541,0.704827,1.190541,0.311169,1.333007,-0.38494,1.777761,-0.366995,4.405484
59344.663294,2.740419,1.344437,0.775423,1.344437,0.213226,0.721835,-0.721542,0.905413,0.927751,3.13534
59344.665672,1.454142,1.344437,0.7757,1.344437,0.212529,0.721859,-0.720332,0.905489,0.926479,3.135413
59344.669407,2.74471,1.344516,0.776132,1.344516,0.211427,0.721974,-0.718414,0.905606,0.924462,3.13564
59344.741987,1.926081,1.018357,0.944513,1.018357,0.002391,0.72028,-0.203046,1.12464,0.892541,2.61142
59344.744139,0.726049,1.018357,0.943545,1.018357,0.002665,0.720313,-0.203298,1.124605,0.891875,2.611202
59344.746313,2.502034,1.018357,0.94256,1.018357,0.002943,0.720341,-0.203553,1.124684,0.891198,2.611162
59345.73091,1.050997,1.344516,0.720845,1.344516,-0.353086,0.72196,0.376418,0.905693,-0.281647,3.135247
59345.733502,1.736574,1.344437,0.720268,1.344437,-0.354612,0.721951,0.379553,0.905654,-0.285176,3.134983
59345.745283,2.795219,1.344516,0.717623,1.344516,-0.361529,0.722148,0.39377,0.905826,-0.301185,3.135462
59346.732442,2.423416,1.344919,0.423426,1.344919,-0.669255,0.724492,1.098373,0.908283,-1.123903,3.139452
59346.735098,3.770207,1.344919,0.422635,1.344919,-0.669072,0.72446,1.098347,0.908248,-1.124016,3.139644
59346.749872,3.747586,1.344837,0.418256,1.344837,-0.667933,0.724104,1.097973,0.907835,-1.124395,3.139107
59347.626714,1.118376,1.344919,0.270466,1.344919,-0.273833,0.724314,0.409727,0.908053,-0.39902,3.139292
59347.634785,0.543349,1.344919,0.270493,1.344919,-0.267754,0.724361,0.39817,0.90808,-0.386388,3.139245
59347.637464,2.937334,1.344919,0.270508,1.344919,-0.26573,0.724487,0.394318,0.908225,-0.382177,3.139387
59348.792209,-0.662472,1.344437,0.562314,1.344437,0.623618,0.721977,-1.414069,0.905704,1.64606,3.135551
59348.797338,1.085264,1.344437,0.564578,1.344437,0.626305,0.721887,-1.420097,0.905629,1.653052,3.135364
59348.812845,-0.026608,1.344437,0.57145,1.344437,0.634291,0.721827,-1.438071,0.905514,1.673926,3.135144
59349.36613,-0.756224,1.19028,1.019866,1.19028,0.393093,1.33271,-0.545449,1.777472,-0.071983,4.404824
59349.369887,-0.122363,1.19028,1.021005,1.19028,0.393703,1.33274,-0.546093,1.777499,-0.073439,4.404849
59349.377427,-2.083618,1.190367,1.02326,1.190367,0.394921,1.332773,-0.547369,1.777529,-0.076392,4.40477
59349.700389,-3.104668,1.344675,0.95351,1.344675,0.672037,0.723297,-1.665725,0.907051,1.991347,3.137575
59349.702931,-0.745514,1.344756,0.954356,1.344756,0.670839,0.723418,-1.663797,0.907211,1.989392,3.137894
59349.734022,-1.461654,1.344756,0.964496,1.344756,0.655591,0.723532,-1.638972,0.907299,1.964093,3.137653
59350.69544,-0.49722,1.344283,1.011062,1.344283,-0.271165,0.720924,0.102347,0.904552,0.069974,3.133885
59350.715111,-0.111759,1.344283,1.005601,1.344283,-0.296353,0.721017,0.152419,0.904631,0.014285,3.133912
59350.755843,0.652426,1.34436,0.993416,1.34436,-0.348823,0.721373,0.257056,0.904992,-0.102228,3.134641
59357.490732,0.884321,1.190719,0.155321,1.190719,-0.06007,1.333142,-0.058837,1.777922,0.952235,4.405946
59357.494508,1.211705,1.190719,0.155937,1.190719,-0.059599,1.333131,-0.059214,1.777911,0.95031,4.406121
59357.502026,1.951486,1.19063,0.157156,1.19063,-0.058663,1.333116,-0.05996,1.77788,0.946478,4.405861
59357.803088,0.894452,1.017901,1.025142,1.017901,-0.301504,0.718697,0.285264,1.123077,0.694404,2.607047
59357.805244,0.957897,1.017901,1.024697,1.017901,-0.301201,0.718639,0.284854,1.123051,0.694258,2.60718
59357.806327,0.845121,1.017901,1.024473,1.017901,-0.301049,0.718622,0.284648,1.123024,0.694184,2.607504
59359.634063,0.830291,1.344919,0.136551,1.344919,0.269772,0.724619,-0.568158,0.90843,0.645298,3.139398
59359.637019,1.262952,1.344919,0.13689,1.344919,0.26919,0.72458,-0.567191,0.908403,0.644303,3.139282
59359.639991,2.489612,1.344919,0.13723,1.344919,0.268606,0.724599,-0.566222,0.908427,0.643305,3.139713
59359.7985,0.700532,1.017901,0.495062,1.017901,-0.069076,0.718761,0.010515,1.123228,0.404377,2.607116
59359.801742,0.691067,1.017901,0.494527,1.017901,-0.068861,0.718688,0.010271,1.123147,0.404066,2.607
59359.802825,-0.160754,1.017901,0.494348,1.017901,-0.06879,0.718643,0.010189,1.123075,0.403962,2.607197
59360.366705,-0.067257,1.19063,0.251899,1.19063,0.09881,1.33309,-0.135069,1.777848,-0.031587,4.405949
59360.370459,-0.587444,1.19063,0.252086,1.19063,0.098933,1.333114,-0.135179,1.777879,-0.032009,4.405838
59360.37423,0.334367,1.19063,0.252275,1.19063,0.099057,1.333131,-0.135291,1.777884,-0.032431,4.406109
59360.579706,0.216174,1.018013,0.45342,1.018013,-0.038623,0.718942,-0.031345,1.123352,0.392593,2.607924
59360.582952,1.942958,1.018013,0.453636,1.018013,-0.038582,0.719005,-0.031459,1.123415,0.392834,2.608425
59360.584039,-0.143116,1.018013,0.45371,1.018013,-0.038568,0.719053,-0.031497,1.123451,0.392916,2.608135
59360.704812,2.401558,1.344919,0.244284,1.344919,0.169996,0.724263,-0.422615,0.908053,0.505655,3.139486
59360.707526,3.229273,1.344919,0.244569,1.344919,0.170022,0.724303,-0.422782,0.908113,0.505889,3.139558
59360.71023,1.732988,1.344919,0.244854,1.344919,0.17005,0.724233,-0.422951,0.908038,0.506125,3.13902
59361.434195,1.830421,1.190719,0.363221,1.190719,0.149744,1.333171,-0.196229,1.777923,-0.103902,4.406028
59361.441708,1.789339,1.19063,0.364303,1.19063,0.150205,1.333125,-0.196816,1.77789,-0.104328,4.405939
59361.449249,2.858253,1.19063,0.365389,1.19063,0.150667,1.333121,-0.197406,1.777894,-0.104759,4.405846
59361.621136,2.634028,1.018241,0.636566,1.018241,-0.044468,0.719928,-0.060226,1.124349,0.55997,2.610557
59361.62329,0.32657,1.018241,0.637024,1.018241,-0.044485,0.719974,-0.060295,1.124326,0.560387,2.61083
59361.625447,4.620112,1.018357,0.637482,1.018357,-0.044501,0.720067,-0.060365,1.124389,0.560804,2.611525
59361.813458,4.64791,1.344837,0.388932,1.344837,0.228566,0.724081,-0.592914,0.907833,0.717724,3.13918
59361.816359,4.146476,1.344837,0.389366,1.344837,0.228669,0.723938,-0.593285,0.907726,0.718209,3.138966
59361.826016,3.659032,1.344756,0.39081,1.344756,0.229001,0.723741,-0.594505,0.907453,0.719801,3.138362
59362.34307,1.237388,1.19063,0.470254,1.19063,0.201735,1.333048,-0.255641,1.777824,-0.197681,4.405822
59362.350594,1.967021,1.19063,0.470621,1.19063,0.202034,1.333051,-0.25587,1.77782,-0.198973,4.405769
59362.354358,1.548842,1.19063,0.4708,1.19063,0.202182,1.333061,-0.255981,1.777823,-0.199623,4.405668
59362.644832,0.097894,1.344756,0.496948,1.344756,0.167879,0.72321,-0.521733,0.906966,0.659378,3.137332
59362.651941,1.100294,1.344756,0.497548,1.344756,0.166288,0.723111,-0.518957,0.906826,0.656452,3.13727
59362.660267,-0.786397,1.344675,0.498239,1.344675,0.164397,0.722947,-0.515646,0.906714,0.652959,3.137023
59362.805922,1.407731,1.018127,0.618863,1.018127,8e-05,0.719503,-0.130567,1.123851,0.583469,2.609398
59362.808087,1.676614,1.018127,0.61798,1.018127,0.00031,0.719427,-0.130764,1.123838,0.582844,2.609116
59362.810255,1.530502,1.018127,0.617092,1.018127,0.000541,0.719356,-0.130961,1.123682,0.582215,2.608933
59370.462171,1.924392,1.19063,-1.50875,1.19063,-0.837881,1.33307,0.858711,1.777819,2.165241,4.406002
59370.465945,2.016229,1.19063,-1.508587,1.19063,-0.837748,1.333055,0.85861,1.777822,2.16467,4.405665
59370.477226,1.412745,1.19063,-1.508103,1.19063,-0.837354,1.333069,0.858309,1.777839,2.162963,4.405749
59370.707564,-1.331964,1.344756,-2.253194,1.344756,0.549103,0.723477,-0.123234,0.907409,-0.270495,3.138107
59370.709941,-0.04721,1.344756,-2.252948,1.344756,0.54891,0.723453,-0.122968,0.907361,-0.270741,3.138134
59370.712327,-0.910458,1.344756,-2.2527,1.344756,0.548717,0.723485,-0.122702,0.907374,-0.270988,3.138283
59370.723677,-1.3582,1.01859,-1.056206,1.01859,-0.380182,0.721014,0.854763,1.125267,-1.338641,2.612987
59370.726929,-0.463087,1.01859,-1.056319,1.01859,-0.380064,0.720903,0.854591,1.125122,-1.338641,2.612801
59370.72801,0.51495,1.01859,-1.056356,1.01859,-0.380025,0.720893,0.854534,1.125124,-1.33864,2.61313
59373.603736,0.499792,1.344595,-1.73095,1.344595,0.710915,0.722556,-0.643768,0.9064,0.392121,3.136712
59373.615305,1.323646,1.018127,-0.371052,1.018127,-0.390944,0.719219,0.728252,1.12365,-0.70246,2.608451
59373.616386,-0.636315,1.018127,-0.371091,1.018127,-0.390872,0.719259,0.72814,1.123654,-0.702433,2.608323
59373.618558,0.367767,1.018127,-0.371173,1.018127,-0.390727,0.719248,0.727916,1.123661,-0.702378,2.608912
59373.62455,-0.290644,1.344595,-1.726514,1.344595,0.707985,0.722677,-0.640014,0.906555,0.388817,3.137007
59373.63312,0.770544,1.344675,-1.724702,1.344675,0.706734,0.722839,-0.638378,0.906699,0.387355,3.137257
59375.394436,0.540793,1.19063,-1.197151,1.19063,-0.618833,1.333132,0.672069,1.777898,1.348623,4.405989
59375.398198,1.347578,1.19063,-1.197936,1.19063,-0.619062,1.333142,0.672474,1.777912,1.348086,4.405912
59375.409461,-1.041076,1.19063,-1.200282,1.19063,-0.619749,1.33313,0.673685,1.777907,1.346503,4.405991
59376.392565,-0.125569,1.19063,-1.348789,1.19063,-0.674798,1.333062,0.752667,1.777832,1.339397,4.406005
59376.396355,0.588707,1.19063,-1.349065,1.19063,-0.674952,1.333063,0.752825,1.777843,1.339795,4.405838
59376.403872,-0.124751,1.19063,-1.349607,1.19063,-0.675255,1.333065,0.753133,1.777825,1.34059,4.405887
59376.571831,4.621133,1.346718,-1.749291,1.346718,0.027041,0.733346,0.662703,0.917772,-1.038572,3.154764
59376.588056,4.575749,1.346815,-1.750907,1.346815,0.028229,0.733865,0.661106,0.918259,-1.037119,3.155481
59376.595203,2.969456,1.348044,-1.751614,1.348044,0.02877,0.738579,0.660367,0.923265,-1.036438,3.163
59376.802522,0.592103,1.018013,-1.412509,1.018013,-0.167869,0.719103,0.576833,1.123486,-1.482995,2.608529
59376.804679,0.266882,1.018013,-1.412288,1.018013,-0.167968,0.71908,0.576952,1.123508,-1.482876,2.608152
59376.805759,-0.46423,1.018013,-1.412176,1.018013,-0.168018,0.719038,0.577012,1.123489,-1.482816,2.608251
59378.476594,0.224267,1.190719,-1.355625,1.190719,-0.703691,1.333143,0.761628,1.777928,1.550752,4.40603
59378.480344,0.497455,1.190719,-1.355813,1.190719,-0.703766,1.33314,0.76173,1.777917,1.550782,4.405962
59378.487873,0.477838,1.19063,-1.356196,1.19063,-0.703917,1.333101,0.761935,1.777886,1.55084,4.405962
59378.699734,-0.699915,1.345002,-1.855243,1.345002,0.176664,0.724779,0.421751,0.908758,-0.794369,3.140761
59378.702466,-0.033772,1.345002,-1.855386,1.345002,0.176509,0.724827,0.422103,0.908799,-0.79478,3.140827
59378.709252,-1.637414,1.345086,-1.855744,1.345086,0.176123,0.724966,0.422983,0.908974,-0.795805,3.140965
59380.359865,-2.896119,1.19063,-1.396239,1.19063,-0.732644,1.333073,0.786037,1.777842,1.660422,4.405784
59380.367395,-1.638211,1.19063,-1.395147,1.19063,-0.732388,1.333092,0.785486,1.777861,1.661664,4.405868
59380.371145,-2.269761,1.19063,-1.394597,1.19063,-0.732258,1.3331,0.785209,1.777872,1.662284,4.406007
59380.646385,-1.226561,1.01859,-1.110845,1.01859,-0.276128,0.720967,0.693263,1.125284,-1.296281,2.61302
59380.649626,-0.606377,1.018709,-1.109029,1.018709,-0.276465,0.721204,0.693441,1.125524,-1.294873,2.613616
59380.65071,0.774015,1.018709,-1.108421,1.018709,-0.276578,0.72132,0.6935,1.125586,-1.294402,2.613853
59380.732967,0.15645,1.345002,-1.909608,1.345002,0.356361,0.724702,0.102616,0.908667,-0.455471,3.139998
59380.735678,0.739182,1.345002,-1.90934,1.345002,0.35728,0.724758,0.100762,0.908701,-0.453397,3.140284
59380.738385,-0.483086,1.345002,-1.909072,1.345002,0.358199,0.724622,0.098907,0.908572,-0.451322,3.139982
59381.466918,-2.891769,1.190719,-1.098589,1.190719,-0.640179,1.333201,0.631344,1.777989,1.81818,4.406438
59381.470689,-2.882041,1.190719,-1.097317,1.190719,-0.639723,1.333204,0.63067,1.777991,1.818367,4.406338
59381.474453,-1.235311,1.190719,-1.096047,1.190719,-0.639268,1.3332,0.629998,1.777988,1.81855,4.406441
59381.659324,-2.732095,1.344675,-1.737063,1.344675,0.669799,0.72284,-0.563176,0.906709,0.30297,3.137107
59381.664489,-3.091418,1.344675,-1.73574,1.344675,0.671102,0.722805,-0.566191,0.906663,0.306502,3.137484
59381.667068,-3.160079,1.344675,-1.735079,1.344675,0.671749,0.722739,-0.56769,0.906566,0.308259,3.137216
59381.733551,-2.992137,1.018241,-0.395269,1.018241,-0.382571,0.71964,0.719432,1.124032,-0.717736,2.610279
59381.734634,-0.930744,1.018241,-0.394662,1.018241,-0.38263,0.719719,0.719403,1.124167,-0.717217,2.609931
59381.737886,-3.464565,1.018241,-0.392841,1.018241,-0.382806,0.719914,0.719312,1.124335,-0.71566,2.610977
59385.362798,-0.273901,1.190195,-1.633457,1.190195,-0.769254,1.332613,0.90183,1.777386,1.236895,4.404363
59385.366556,1.242338,1.190195,-1.633696,1.190195,-0.769521,1.33257,0.901993,1.777359,1.238315,4.404327
59385.370316,1.09357,1.190195,-1.633928,1.190195,-0.769786,1.33259,0.902153,1.777365,1.23974,4.40435
59385.581264,-0.062223,1.344595,-1.944935,1.344595,-0.226007,0.722382,1.223217,0.906289,-1.686145,3.136818
59385.587666,0.314009,1.344595,-1.946167,1.344595,-0.223585,0.722539,1.21912,0.906486,-1.68189,3.136936
59385.590182,0.643491,1.344675,-1.946649,1.344675,-0.222628,0.722633,1.217499,0.906542,-1.680205,3.137181
59386.443079,-0.13532,1.189862,-1.490038,1.189862,-0.770235,1.332183,0.836493,1.776952,1.678589,4.402953
59386.446827,0.422757,1.189862,-1.489115,1.189862,-0.770038,1.332196,0.836032,1.776974,1.679794,4.403067
59386.450607,-0.744173,1.189862,-1.488185,1.189862,-0.769838,1.332192,0.835566,1.776952,1.681003,4.40304
59386.59571,-0.026682,1.345002,-2.008476,1.345002,0.25115,0.724425,0.342818,0.908438,-0.735682,3.139861
59386.603915,0.105907,1.344919,-2.008065,1.344919,0.254508,0.724219,0.336272,0.908208,-0.728457,3.139722
59386.606545,-0.196227,1.344919,-2.007931,1.344919,0.255578,0.724253,0.334185,0.908266,-0.726152,3.139822
59386.703272,2.559925,1.018357,-1.235331,1.018357,-0.271424,0.720104,0.711679,1.12447,-1.409389,2.610954
59386.705429,2.14762,1.018357,-1.234026,1.018357,-0.271681,0.720081,0.71183,1.124441,-1.40839,2.610828
59386.706512,1.662966,1.018357,-1.233372,1.018357,-0.271809,0.720139,0.711906,1.1245,-1.40789,2.611005
59391.375417,,,,,-0.511979,1.332538,0.349522,1.777305,2.482705,4.404075
59391.379191,2.441618,1.190195,-0.533976,1.190195,-0.510319,1.332552,0.347107,1.777319,2.48314,4.404341
59391.382954,3.04708,1.190195,-0.529438,1.190195,-0.508663,1.332577,0.344698,1.777338,2.483562,4.404304
59391.660273,1.555652,1.018828,1.673942,1.018828,-0.769631,0.721898,0.926902,1.126105,0.883722,2.615614
59391.661354,1.371395,1.018828,1.676199,1.018828,-0.769846,0.721869,0.926785,1.126107,0.885655,2.615595
59391.664593,0.631642,1.018828,1.682952,1.018828,-0.770489,0.721871,0.92643,1.126196,0.891441,2.61562
59393.310834,0.367028,1.19028,0.810614,1.19028,0.178699,1.332673,-0.406515,1.777441,1.016844,4.40454
59393.314594,-1.317358,1.19028,0.81,1.19028,0.179094,1.332719,-0.406314,1.777493,1.011813,4.404786
59393.322098,1.135906,1.190367,0.808736,1.190367,0.179868,1.332781,-0.405893,1.777544,1.001773,4.404874
59393.594187,-0.09274,1.344675,0.231582,1.344675,1.116839,0.722885,-2.215912,0.906711,2.462652,3.13712
59393.600525,0.03801,1.344675,0.233832,1.344675,1.107954,0.722875,-2.199954,0.906728,2.445622,3.137219
59393.606727,-0.114163,1.344675,0.236005,1.344675,1.099245,0.722963,-2.184299,0.906787,2.428908,3.137382
59395.442135,-1.193791,1.190454,-0.460567,1.190454,-0.109721,1.332862,0.232625,1.777646,-0.51197,4.405089
59395.453411,-1.213919,1.190454,-0.465439,1.190454,-0.111844,1.332921,0.235279,1.777708,-0.509662,4.405475
59395.45717,-1.126311,1.190454,-0.467047,1.190454,-0.112548,1.332933,0.236156,1.777706,-0.508872,4.40538
59395.572195,-1.346598,1.344516,-0.14756,1.344516,-0.809012,0.722132,1.596912,0.905909,-1.771252,3.136089
59395.574764,-1.122497,1.344516,-0.148661,1.344516,-0.809134,0.722125,1.597593,0.905905,-1.772194,3.135906
59395.57738,-1.935377,1.344516,-0.149781,1.344516,-0.809252,0.721982,1.598274,0.905736,-1.773138,3.135913
59396.311645,-1.625537,1.190027,-0.623821,1.190027,-0.218125,1.332335,0.329125,1.777123,-0.135205,4.403694
59396.315414,-1.489688,1.189944,-0.62367,1.189944,-0.218333,1.332265,0.329099,1.777039,-0.133076,4.403464
59396.319177,-2.956845,1.189944,-0.623513,1.189944,-0.218539,1.332299,0.329069,1.777077,-0.130949,4.403506
59396.579107,-0.514363,1.192161,-0.599384,1.192161,-0.520136,0.45468,0.303785,0.633475,1.668052,3.882141
59396.579814,-2.13446,1.192161,-0.599287,1.192161,-0.520788,0.454706,0.30479,0.633584,1.667906,3.882637
59396.580519,-1.083557,1.192161,-0.59919,1.192161,-0.521438,0.45475,0.305793,0.633572,1.667761,3.88239
59396.619026,-1.767426,1.01859,-1.08198,1.01859,0.112761,0.720855,0.04055,1.125272,-0.918251,2.613203
59396.620108,-1.52522,1.01859,-1.081186,1.01859,0.112532,0.720832,0.040763,1.125179,-0.917709,2.612751
59396.621182,-1.610008,1.01859,-1.080398,1.01859,0.112305,0.720785,0.040975,1.125209,-0.917171,2.612451
59397.589175,-3.122562,1.344437,-0.524596,1.344437,0.041525,0.721552,0.135266,0.905284,-0.242111,3.135243
59397.591752,-2.004662,1.344437,-0.524496,1.344437,0.042408,0.721512,0.133549,0.905275,-0.240217,3.134968
59397.599634,-3.564972,1.344437,-0.524186,1.344437,0.045089,0.721559,0.12833,0.905319,-0.234459,3.135364
59397.740252,-2.242977,1.01859,-0.300429,1.01859,-0.074447,0.720881,0.187108,1.125262,-0.350371,2.61256
59397.741329,-1.427473,1.01859,-0.299933,1.01859,-0.074543,0.72087,0.187163,1.12524,-0.34999,2.612773
59397.742415,-1.534972,1.01859,-0.299434,1.01859,-0.07464,0.72085,0.187219,1.125229,-0.349608,2.612732
59398.32176,-1.505316,1.190367,-0.295042,1.190367,-0.172904,1.332758,0.169754,1.777529,0.496126,4.404839
59398.32929,-2.302732,1.190367,-0.294626,1.190367,-0.172723,1.332791,0.169527,1.777557,0.495929,4.405161
59398.333049,-1.658935,1.190367,-0.294423,1.190367,-0.172633,1.332803,0.169416,1.77758,0.495826,4.405023
59398.648195,-2.525279,1.018473,-0.144127,1.018473,-0.095906,0.720545,0.189846,1.124906,-0.222385,2.612427
59398.649276,-0.881202,1.018473,-0.144204,1.018473,-0.095878,0.720491,0.189815,1.124886,-0.222432,2.612892
59398.650357,-1.164124,1.018473,-0.144282,1.018473,-0.095849,0.720501,0.189783,1.124935,-0.222479,2.612493
59398.778715,-2.133985,1.344516,-0.463173,1.344516,0.15271,0.722134,-0.100997,0.905835,0.027064,3.135876
59398.783543,-0.311128,1.344595,-0.46303,1.344595,0.15227,0.722261,-0.100219,0.906,0.02624,3.136032
59398.788328,-0.512267,1.344516,-0.462891,1.344516,0.151831,0.722076,-0.099442,0.905809,0.025416,3.135817
59399.604176,0.608968,1.191758,-0.320715,1.191758,-1.017538,0.453537,1.22093,0.632357,1.01879,3.88058
59399.604883,-0.353014,1.191758,-0.320733,1.191758,-1.017509,0.453476,1.220875,0.632275,1.01883,3.880539
59399.606294,-3.52598,1.191758,-0.320767,1.191758,-1.017451,0.453389,1.220767,0.632219,1.01891,3.880631
59399.698526,1.135102,1.34436,-0.45626,1.34436,0.072364,0.721317,0.048795,0.905009,-0.135349,3.134553
59399.704689,-0.913897,1.34436,-0.456261,1.34436,0.072202,0.721302,0.049102,0.904976,-0.135685,3.134231
59399.711896,-2.452896,1.344437,-0.456262,1.344437,0.072025,0.72137,0.04944,0.905071,-0.136055,3.134654
59399.793697,-0.523232,1.018241,-0.275174,1.018241,-0.063244,0.719945,0.163157,1.124356,-0.316457,2.610804
59399.794777,-0.480225,1.018357,-0.275181,1.018357,-0.063242,0.720001,0.163155,1.124438,-0.316462,2.61135
59399.796939,-0.756213,1.018241,-0.275193,1.018241,-0.063238,0.719977,0.16315,1.124351,-0.316469,2.610906
59402.361538,1.429362,1.190454,-0.13072,1.190454,-0.093852,1.332896,0.078695,1.777672,0.358311,4.405504
59402.365306,1.602461,1.190454,-0.130819,1.190454,-0.093822,1.332915,0.078734,1.7777,0.357772,4.405306
59402.369061,2.173561,1.190454,-0.130919,1.190454,-0.093793,1.332917,0.078774,1.777701,0.357235,4.405326
59402.522417,1.742798,1.192059,-0.136545,1.192059,-0.736155,0.454514,0.95354,0.633321,0.485492,3.8821
59402.523123,1.97783,1.192059,-0.136577,1.192059,-0.735991,0.454556,0.953282,0.633297,0.485549,3.882285
59402.523829,2.381863,1.192059,-0.13661,1.192059,-0.735828,0.454559,0.953023,0.633329,0.485606,3.882128
59402.593193,2.531312,1.344675,-0.27547,1.344675,0.155264,0.722799,-0.182468,0.906584,0.149826,3.137116
59402.595683,2.46523,1.344595,-0.275388,1.344595,0.154864,0.722692,-0.181743,0.906417,0.149048,3.137008
59402.598361,1.566142,1.344595,-0.2753,1.344595,0.154434,0.722572,-0.180962,0.906289,0.148211,3.136745
59402.64454,1.286705,1.018473,-0.006111,1.018473,-0.073815,0.72049,0.124024,1.124818,-0.072349,2.612138
59402.645628,2.524947,1.018473,-0.006353,1.018473,-0.073751,0.720566,0.12397,1.124946,-0.072521,2.612333
59402.647787,1.429428,1.018473,-0.006834,1.018473,-0.073626,0.720584,0.123863,1.124898,-0.072861,2.612193
59403.307157,2.330947,1.19028,-0.183305,1.19028,-0.099809,1.332637,0.103927,1.777402,0.247088,4.404712
59403.310896,3.066102,1.19028,-0.18346,1.19028,-0.099841,1.332664,0.104004,1.777431,0.246882,4.404728
59403.314679,2.475257,1.19028,-0.183615,1.19028,-0.099874,1.332686,0.104082,1.777456,0.246676,4.404694
59403.6409,2.862942,1.19166,-0.187689,1.19166,-0.600914,0.453189,0.722287,0.632001,0.597144,3.880353
59403.641606,1.237927,1.19166,-0.187674,1.19166,-0.60092,0.45315,0.722308,0.632011,0.597104,3.880231
59403.642306,2.500911,1.19166,-0.187658,1.19166,-0.600927,0.453214,0.722328,0.632056,0.597065,3.880396
59403.780797,1.259982,1.018127,-0.140388,1.018127,-0.041487,0.71958,0.098572,1.123988,-0.169768,2.609511
59403.784045,2.194505,1.018127,-0.139911,1.018127,-0.041575,0.719562,0.098617,1.123965,-0.169398,2.609115
59403.785126,2.441345,1.018127,-0.139751,1.018127,-0.041604,0.719519,0.098632,1.123938,-0.169273,2.60917
59406.336754,2.207963,1.190454,0.704679,1.190454,0.234525,1.332869,-0.369387,1.777661,0.248081,4.405114
59406.344263,1.032892,1.190454,0.70675,1.190454,0.235658,1.332891,-0.370562,1.777652,0.245246,4.405102
59406.348055,0.981856,1.190454,0.707786,1.190454,0.236227,1.332896,-0.371151,1.777689,0.243806,4.405217
59406.615485,2.073754,1.018127,1.53884,1.018127,-0.203158,0.719276,0.013469,1.1237,1.267381,2.608386
59406.616566,-0.864116,1.018127,1.53871,1.018127,-0.203022,0.719277,0.013271,1.123696,1.26738,2.60847
59406.618726,1.142149,1.018127,1.538445,1.018127,-0.20275,0.719214,0.012874,1.123643,1.267377,2.608828
59406.636583,2.911125,1.191562,0.767128,1.191562,0.407452,0.452748,-0.019057,0.631609,-2.090765,3.879903
59406.637994,-0.384066,1.191562,0.767319,1.191562,0.408883,0.45283,-0.020965,0.631662,-2.091512,3.879958
59406.639408,1.128744,1.19166,0.767509,1.19166,0.410317,0.452951,-0.022878,0.631814,-2.092258,3.879943
59407.294673,0.087392,1.190195,0.74525,1.190195,0.311266,1.332569,-0.403431,1.777339,-0.245504,4.404135
59407.302217,0.993885,1.19028,0.743757,1.19028,0.311251,1.332686,-0.402746,1.777467,-0.249899,4.404825
59407.313513,1.823169,1.190367,0.741473,1.190367,0.31121,1.332785,-0.401694,1.777569,-0.256477,4.404853
59407.618443,-1.097455,1.018357,0.884049,1.018357,0.001227,0.720155,-0.188367,1.124506,0.834492,2.610858
59407.619524,0.244683,1.018357,0.882911,1.018357,0.001492,0.720156,-0.188568,1.124517,0.833658,2.610603
59407.621681,-1.012046,1.018357,0.88064,1.018357,0.00202,0.72018,-0.188967,1.124522,0.831994,2.610952
59408.60712,-0.98373,1.191858,0.265983,1.191858,1.666739,0.453764,-2.19068,0.632658,-0.985465,3.881317
59408.607825,0.27354,1.191858,0.265713,1.191858,1.666665,0.453716,-2.190772,0.632562,-0.984741,3.881232
59408.608531,-0.395189,1.191858,0.265442,1.191858,1.666589,0.453647,-2.190863,0.63251,-0.984016,3.881254
59408.811398,0.305399,1.344595,0.555443,1.344595,-0.495894,0.722608,0.715193,0.906424,-0.681518,3.137014
59408.818487,-1.535794,1.344675,0.553636,1.344675,-0.497775,0.722743,0.719503,0.906569,-0.686552,3.137455
59408.823526,-0.544509,1.344595,0.552351,1.344595,-0.499091,0.72266,0.722527,0.906472,-0.690088,3.137192
59410.552715,,,,,0.726334,0.455651,-0.913898,0.634469,-0.575434,3.883516
59410.554832,-3.411566,1.192367,0.171819,1.192367,0.725576,0.455659,-0.912445,0.634503,-0.576624,3.883665
59410.555538,-2.898733,1.192367,0.171986,1.192367,0.725324,0.45563,-0.911962,0.634365,-0.577021,3.883435
59410.656037,-1.324986,1.01859,0.13258,1.01859,0.052034,0.721057,-0.114463,1.125402,0.171922,2.613502
59410.65928,-2.782177,1.01859,0.134771,1.01859,0.051584,0.721182,-0.114178,1.125505,0.173582,2.613861
59410.660364,-1.656909,1.01859,0.135503,1.01859,,,,,,
59410.766957,-1.962007,1.344756,0.304849,1.344756,-0.032638,0.723124,-0.062445,0.906877,0.123038,3.137829
59410.774297,-4.22551,1.344756,0.305352,1.344756,-0.029787,0.723144,-0.068067,0.906929,0.129271,3.138159
59410.78684,-3.11239,1.344756,0.306232,1.344756,-0.024949,0.723237,-0.077614,0.907094,0.13986,3.137964
59411.630633,-3.559188,1.344516,0.39603,1.344516,0.157441,0.721935,-0.460711,0.905631,0.574562,3.135613
59411.639657,-2.3382,1.344437,0.397042,1.344437,0.157659,0.721823,-0.46154,0.905512,0.575649,3.135459
59411.687073,-2.207171,1.018948,0.578765,1.018948,-0.019946,0.722266,-0.088818,1.126481,0.527603,2.615818
59411.690322,-1.912473,1.018948,0.579067,1.018948,-0.019917,0.722205,-0.08893,1.126461,0.527914,2.616353
59411.691406,-1.951572,1.018948,0.579166,1.018948,-0.019907,0.722031,-0.088968,1.126359,0.528017,2.616422
59411.722325,-2.091262,1.344595,0.406104,1.344595,0.158015,0.722209,-0.465914,0.905991,0.582057,3.136356
59412.464818,-0.79835,1.189701,0.395992,1.189701,0.186889,1.331999,-0.218708,1.776773,-0.303084,4.402457
59412.468573,-1.538162,1.189701,0.395804,1.189701,0.18689,1.331999,-0.218623,1.776759,-0.303663,4.402522
59412.47232,-3.658975,1.189701,0.395617,1.189701,0.186892,1.332047,-0.218537,1.776814,-0.304239,4.402528
59412.539586,-1.58395,1.192367,0.392203,1.192367,0.906788,0.455539,-1.009777,0.634369,-1.188224,3.883943
59412.541704,-1.711842,1.192367,0.392095,1.192367,0.907276,0.45561,-1.010555,0.634394,-1.188022,3.883294
59412.54241,-5.147806,1.192367,0.392059,1.192367,0.907439,0.45561,-1.010814,0.634438,-1.187955,3.883616
59412.625395,-3.956456,1.344516,0.467298,1.344516,0.043351,0.721962,-0.273096,0.905758,0.382396,3.135332
59412.636525,-1.172802,1.344595,0.467644,1.344595,0.041693,0.722225,-0.270087,0.906108,0.379171,3.13598
59412.638956,-3.004877,1.344437,0.467719,1.344437,0.041334,0.721808,-0.269435,0.905651,0.378472,3.1351
59412.773602,-1.223944,1.018241,0.431538,1.018241,0.032237,0.719933,-0.144556,1.124374,0.435888,2.610348
59412.774682,-1.875776,1.018241,0.43137,1.018241,0.032283,0.719918,-0.144596,1.12435,0.435771,2.610639
59412.775755,-2.15361,1.018241,0.431204,1.018241,0.032328,0.719846,-0.144637,1.12432,0.435655,2.610582
59414.438284,-0.207305,1.189388,0.821947,1.189388,0.333593,1.331642,-0.442989,1.776413,-0.192808,4.401397
59414.449586,0.042154,1.189388,0.829488,1.189388,0.336177,1.331632,-0.446957,1.7764,-0.190753,4.401424
59414.453352,0.641628,1.189388,0.832014,1.189388,0.337044,1.331633,-0.448286,1.776398,-0.190073,4.401307
59414.561959,0.520844,1.192161,0.907409,1.192161,1.062509,0.455033,-0.853737,0.633882,-2.572247,3.882403
59414.562665,0.858339,1.192161,0.907914,1.192161,1.062713,0.454984,-0.853657,0.633845,-2.573614,3.882783
59414.563371,-0.852167,1.192161,0.90842,1.192161,1.062917,0.454977,-0.853577,0.633809,-2.574982,3.882605
59414.724924,0.544919,1.017141,1.806675,1.017141,-0.168194,0.715844,-0.101119,1.120492,1.551408,2.600099
59414.726005,0.802249,1.017141,1.808345,1.017141,-0.168411,0.715837,-0.10111,1.120508,1.552786,2.600061
59414.727086,0.92958,1.017141,1.810014,1.017141,-0.168627,0.715882,-0.101101,1.120534,1.554165,2.600362
59414.768171,1.606335,1.344437,0.893507,1.344437,0.737657,0.721725,-1.765875,0.905483,2.089978,3.135518
59414.774881,-0.161387,1.344437,0.897229,1.344437,0.742464,0.721542,-1.776524,0.905208,2.102282,3.135064
59414.77956,0.945008,1.344437,0.899834,1.344437,0.745814,0.721528,-1.783951,0.905217,2.110865,3.135352
59420.30685,4.139212,1.190111,1.17543,1.190111,0.697459,1.332488,-0.678029,1.777271,-2.045763,4.403995
59420.310613,3.089959,1.190195,1.175683,1.190195,0.697354,1.332527,-0.678124,1.777305,-2.044151,4.404123
59420.314375,2.167703,1.190195,1.175939,1.190195,0.69725,1.332552,-0.678219,1.777331,-2.042541,4.404131
59420.653233,0.945728,1.016932,0.689866,1.016932,0.369933,0.715288,-0.76051,1.119967,0.98405,2.598688
59420.654311,-0.272795,1.016932,0.690389,1.016932,0.369784,0.715191,-0.760372,1.119879,0.984408,2.598659
59420.656469,0.37816,1.016932,0.691434,1.016932,0.369485,0.715201,-0.760095,1.119882,0.985123,2.598389
59420.731062,-1.898806,1.345002,1.905648,1.345002,-0.573372,0.724487,0.311201,0.908401,0.00264,3.139736
59420.744771,-1.910495,1.345002,1.904337,1.345002,-0.568492,0.724381,0.302467,0.908321,0.011947,3.13931
59420.753027,-0.233717,1.345002,1.903559,1.345002,-0.565579,0.724532,0.297252,0.908484,0.017504,3.139646
